{
    "dc_per_class_pp_all": {
        "1": 0.9866515861491941,
        "2": 0.49773238728902974,
        "3": 0.09540869425488746,
        "4": 0.20450129452009633
    },
    "dc_per_class_pp_per_class": {
        "1": 0.9866515861491941,
        "2": 0.6617424314754575,
        "3": 0.9832437285774149,
        "4": 0.8518108643268281
    },
    "dc_per_class_raw": {
        "1": 0.986236850246234,
        "2": 0.9658308723278913,
        "3": 0.983227677533941,
        "4": 0.8518192711642847
    },
    "for_which_classes": [
        1,
        3
    ],
    "min_valid_object_sizes": "None",
    "num_samples": 72,
    "validation_final": "validation_raw_postprocessed",
    "validation_raw": "validation_raw"
}