{
    "dc_per_class_pp_all": {
        "1": 0.9855703127318175,
        "2": 0.5562097361617665,
        "3": 0.1637861484077564,
        "4": 0.26053492275962925
    },
    "dc_per_class_pp_per_class": {
        "1": 0.9855703127318175,
        "2": 0.6830564571797729,
        "3": 0.9845101682328767,
        "4": 0.8655867326727704
    },
    "dc_per_class_raw": {
        "1": 0.985469035474703,
        "2": 0.9732927509091753,
        "3": 0.9845100180750642,
        "4": 0.8656022791398726
    },
    "for_which_classes": [
        1,
        3
    ],
    "min_valid_object_sizes": "None",
    "num_samples": 72,
    "validation_final": "validation_raw_postprocessed",
    "validation_raw": "validation_raw"
}