{
    "dc_per_class_pp_all": {
        "1": 0.9851164148650339,
        "2": 0.544916569891281,
        "3": 0.14949179578169736,
        "4": 0.23404340689654862
    },
    "dc_per_class_pp_per_class": {
        "1": 0.9851164049573313,
        "2": 0.6825587473831002,
        "3": 0.9834973540626295,
        "4": 0.8489989411111556
    },
    "dc_per_class_raw": {
        "1": 0.9851163905807225,
        "2": 0.9705153061489524,
        "3": 0.9834759457236919,
        "4": 0.8513136515134843
    },
    "for_which_classes": [
        1,
        3
    ],
    "min_valid_object_sizes": "None",
    "num_samples": 72,
    "validation_final": "validation_raw_postprocessed",
    "validation_raw": "validation_raw"
}