{
    "dc_per_class_pp_all": {
        "1": 0.9861747581283916,
        "2": 0.478384221754096,
        "3": 0.1384789464261575,
        "4": 0.3170055597335119
    },
    "dc_per_class_pp_per_class": {
        "1": 0.9861747581283916,
        "2": 0.6781281364353318,
        "3": 0.984676405144884,
        "4": 0.8467570600167947
    },
    "dc_per_class_raw": {
        "1": 0.9860369042770541,
        "2": 0.9684649056781593,
        "3": 0.984390107343082,
        "4": 0.8466617008580601
    },
    "for_which_classes": [
        1,
        3,
        4
    ],
    "min_valid_object_sizes": "None",
    "num_samples": 72,
    "validation_final": "validation_raw_postprocessed",
    "validation_raw": "validation_raw"
}