{
    "dc_per_class_pp_all": {
        "1": 0.9868237423074729,
        "2": 0.6207091020500022,
        "3": 0.20088581236435257,
        "4": 0.29887809910926905
    },
    "dc_per_class_pp_per_class": {
        "1": 0.9868237423074729,
        "2": 0.6784800122795138,
        "3": 0.9839911590360036,
        "4": 0.84846157899008
    },
    "dc_per_class_raw": {
        "1": 0.9867996089223577,
        "2": 0.9677042762727087,
        "3": 0.9839911590360036,
        "4": 0.8489371747296697
    },
    "for_which_classes": [
        1
    ],
    "min_valid_object_sizes": "None",
    "num_samples": 73,
    "validation_final": "validation_raw_postprocessed",
    "validation_raw": "validation_raw"
}