{
    "dc_per_class_pp_all": {
        "1": 0.986069458070374,
        "2": 0.5398151089655807,
        "3": 0.14978363185235413,
        "4": 0.2630920622617209
    },
    "dc_per_class_pp_per_class": {
        "1": 0.9860694560943223,
        "2": 0.6767978296800782,
        "3": 0.9839818595493481,
        "4": 0.8523123388683084
    },
    "dc_per_class_raw": {
        "1": 0.9859341619196661,
        "2": 0.969157585297863,
        "3": 0.9839178733526146,
        "4": 0.85285593004963
    },
    "for_which_classes": [
        1,
        3
    ],
    "min_valid_object_sizes": "None",
    "num_samples": 361,
    "validation_final": "cv_niftis_postprocessed",
    "validation_raw": "cv_niftis_raw"
}